﻿<?xml version="1.0" encoding="utf-8"?>
<ProjectOutput Name="EonicWebV5" ProjectDirVar="$(var.EonicWebV5.ProjectDir)" TargetDirVar="$(var.EonicWebV5.TargetDir)" SharedFileId="_B586998F_F637_425E_A12F_68F63664A180">
  <Binaries>
    <DiskId>1</DiskId>
    <Compressed />
    <Hidden>no</Hidden>
    <KeyPath>yes</KeyPath>
    <ReadOnly>no</ReadOnly>
    <System>no</System>
    <Vital>yes</Vital>
    <Condition><![CDATA[]]></Condition>
    <SelfRegCost />
    <TrueType>no</TrueType>
    <Permanent>no</Permanent>
    <SharedDllRefCount>no</SharedDllRefCount>
    <Transitive>no</Transitive>
  </Binaries>
  <Symbols>
    <DiskId>1</DiskId>
    <Compressed />
    <Hidden>no</Hidden>
    <KeyPath>yes</KeyPath>
    <ReadOnly>no</ReadOnly>
    <System>no</System>
    <Vital>yes</Vital>
    <Condition><![CDATA[]]></Condition>
    <SelfRegCost />
    <TrueType>no</TrueType>
    <Permanent>no</Permanent>
    <SharedDllRefCount>no</SharedDllRefCount>
    <Transitive>no</Transitive>
  </Symbols>
  <Sources>
    <DiskId>1</DiskId>
    <Compressed />
    <Hidden>no</Hidden>
    <KeyPath>yes</KeyPath>
    <ReadOnly>no</ReadOnly>
    <System>no</System>
    <Vital>yes</Vital>
    <Condition><![CDATA[]]></Condition>
    <SelfRegCost />
    <TrueType>no</TrueType>
    <Permanent>no</Permanent>
    <SharedDllRefCount>no</SharedDllRefCount>
    <Transitive>no</Transitive>
  </Sources>
  <Content>
    <DiskId>1</DiskId>
    <Compressed />
    <Hidden>no</Hidden>
    <KeyPath>yes</KeyPath>
    <ReadOnly>no</ReadOnly>
    <System>no</System>
    <Vital>yes</Vital>
    <Condition><![CDATA[]]></Condition>
    <SelfRegCost />
    <TrueType>no</TrueType>
    <Permanent>no</Permanent>
    <SharedDllRefCount>no</SharedDllRefCount>
    <Transitive>no</Transitive>
  </Content>
  <Satellites>
    <DiskId>1</DiskId>
    <Compressed />
    <Hidden>no</Hidden>
    <KeyPath>yes</KeyPath>
    <ReadOnly>no</ReadOnly>
    <System>no</System>
    <Vital>yes</Vital>
    <Condition><![CDATA[]]></Condition>
    <SelfRegCost />
    <TrueType>no</TrueType>
    <Permanent>no</Permanent>
    <SharedDllRefCount>no</SharedDllRefCount>
    <Transitive>no</Transitive>
  </Satellites>
  <Documents>
    <DiskId>1</DiskId>
    <Compressed />
    <Hidden>no</Hidden>
    <KeyPath>yes</KeyPath>
    <ReadOnly>no</ReadOnly>
    <System>no</System>
    <Vital>yes</Vital>
    <Condition><![CDATA[]]></Condition>
    <SelfRegCost />
    <TrueType>no</TrueType>
    <Permanent>no</Permanent>
    <SharedDllRefCount>no</SharedDllRefCount>
    <Transitive>no</Transitive>
  </Documents>
</ProjectOutput>