﻿<?xml version="1.0" encoding="utf-8"?>
<ProjectOutput Name="Eonic.Providers.Messaging.CampaignMonitor" ProjectDirVar="$(var.Eonic.Providers.Messaging.CampaignMonitor.ProjectDir)" TargetDirVar="$(var.Eonic.Providers.Messaging.CampaignMonitor.TargetDir)" SharedFileId="_E148D55D_E0B9_4567_AED6_33C479CA43DF">
  <Binaries>
    <DiskId>1</DiskId>
    <Compressed />
    <Hidden>no</Hidden>
    <KeyPath>yes</KeyPath>
    <ReadOnly>no</ReadOnly>
    <System>no</System>
    <Vital>yes</Vital>
    <Condition><![CDATA[]]></Condition>
    <SelfRegCost />
    <TrueType>no</TrueType>
    <Permanent>no</Permanent>
    <SharedDllRefCount>no</SharedDllRefCount>
    <Transitive>no</Transitive>
  </Binaries>
  <Symbols>
    <DiskId>1</DiskId>
    <Compressed />
    <Hidden>no</Hidden>
    <KeyPath>yes</KeyPath>
    <ReadOnly>no</ReadOnly>
    <System>no</System>
    <Vital>yes</Vital>
    <Condition><![CDATA[]]></Condition>
    <SelfRegCost />
    <TrueType>no</TrueType>
    <Permanent>no</Permanent>
    <SharedDllRefCount>no</SharedDllRefCount>
    <Transitive>no</Transitive>
  </Symbols>
  <Sources>
    <DiskId>1</DiskId>
    <Compressed />
    <Hidden>no</Hidden>
    <KeyPath>yes</KeyPath>
    <ReadOnly>no</ReadOnly>
    <System>no</System>
    <Vital>yes</Vital>
    <Condition><![CDATA[]]></Condition>
    <SelfRegCost />
    <TrueType>no</TrueType>
    <Permanent>no</Permanent>
    <SharedDllRefCount>no</SharedDllRefCount>
    <Transitive>no</Transitive>
  </Sources>
  <Content>
    <DiskId>1</DiskId>
    <Compressed />
    <Hidden>no</Hidden>
    <KeyPath>yes</KeyPath>
    <ReadOnly>no</ReadOnly>
    <System>no</System>
    <Vital>yes</Vital>
    <Condition><![CDATA[]]></Condition>
    <SelfRegCost />
    <TrueType>no</TrueType>
    <Permanent>no</Permanent>
    <SharedDllRefCount>no</SharedDllRefCount>
    <Transitive>no</Transitive>
  </Content>
  <Satellites>
    <DiskId>1</DiskId>
    <Compressed />
    <Hidden>no</Hidden>
    <KeyPath>yes</KeyPath>
    <ReadOnly>no</ReadOnly>
    <System>no</System>
    <Vital>yes</Vital>
    <Condition><![CDATA[]]></Condition>
    <SelfRegCost />
    <TrueType>no</TrueType>
    <Permanent>no</Permanent>
    <SharedDllRefCount>no</SharedDllRefCount>
    <Transitive>no</Transitive>
  </Satellites>
  <Documents>
    <DiskId>1</DiskId>
    <Compressed />
    <Hidden>no</Hidden>
    <KeyPath>yes</KeyPath>
    <ReadOnly>no</ReadOnly>
    <System>no</System>
    <Vital>yes</Vital>
    <Condition><![CDATA[]]></Condition>
    <SelfRegCost />
    <TrueType>no</TrueType>
    <Permanent>no</Permanent>
    <SharedDllRefCount>no</SharedDllRefCount>
    <Transitive>no</Transitive>
  </Documents>
</ProjectOutput>