<?xml version="1.0" encoding="utf-8"?>
<Resources Culture="Culture">
<Strings>
<String Name="Culture">ru</String>
<String Name="1000">Отм&amp;ена</String>
<String Name="1001">Продо&amp;лжить</String>
<String Name="1002">За&amp;крыть</String>
<String Name="1003">&amp;Сведения &gt;&gt;</String>
<String Name="1004">&amp;Сведения &lt;&lt;</String>
<String Name="1005">Да</String>
<String Name="1006">Нет</String>
<String Name="1008">Нажмите кнопку "Да", чтобы перезагрузить компьютер прямо сейчас, или кнопку "Нет", чтобы перезагрузить компьютер позднее.</String>
<String Name="1009">Перед завершением обновления системы необходимо перезагрузить компьютер.</String>
<String Name="1010">Копирование обязательных файлов...</String>
<String Name="1011">Загрузка обязательных файлов...</String>
<String Name="1012">Установка "%1"</String>
<String Name="1013">Идет установка "%1"...</String>
<String Name="1016">Произошла ошибка при установке системных компонентов для "%1". Продолжение установки невозможно до тех пор, пока все системные компоненты не будут успешно установлены.</String>
<String Name="1017">Произошла ошибка при установке системных компонентов для "%1". Продолжение установки невозможно до тех пор, пока все системные компоненты не будут успешно установлены. Требуется перезагрузка, поскольку выполнено обновление системных компонентов.</String>
<String Name="1018">Использование:\r\n -? или -h или -help : Вывод этих сведений.\r\n -url или -componentsurl : Вывод сохраненного url или componentsurl для этой установки.\r\n -url=&lt;расположение&gt; : Установка источника url на указанное расположение.\r\n -componentsurl=&lt;расположение&gt; : Установка componentsurl на указанное расположение.\r\n -homesite=&lt;true или false&gt; : Значение true соответствует загрузке компонентов с веб-узлов их поставщиков; componentsurl опускается.\r\n\r\n Все остальные аргументы командной строки передаются в программу установки приложения.</String>
<String Name="1019">url=%1\r\ncomponentsurl=%2</String>
<String Name="1020">(нет)</String>
<String Name="1021">Для этой операции требуется Windows 2000 или более поздняя версия.</String>
<String Name="1023">\r\n</String>
<String Name="1025">Не удалось установить компонент "%1".</String>
<String Name="1026">Не удалось установить компонент "%1"; при этом получено следующее сообщение об ошибке:\r\n"%2"</String>
<String Name="1028">Дополнительные сведения см. в журнале установки, находящемся в "%1".</String>
<String Name="1029">Это приведет к прерыванию установки. Вы действительно хотите отменить установку?</String>
<String Name="1030">Программа установки будет остановлена после завершения установки текущего компонента. Все компоненты, установленные до момента отмены, останутся в системе. Вы действительно хотите отменить установку?</String>
<String Name="1031">Загрузка файла %1!d! из %2!d!...</String>
<String Name="1032">Установка была отменена пользователем. Требуется перезагрузка, поскольку выполнено обновление системных компонентов.</String>
<String Name="1033">Перед продолжением установки необходимо перезагрузить компьютер.</String>
<String Name="1034">Не удалось выполнить проверку обязательного системного компонента "%1".</String>
<String Name="1035">Не удается подтвердить соответствие всем предварительным требованиям для "%1". Продолжение установки невозможно до тех пор, пока все системные компоненты не будут успешно установлены.</String>
<String Name="1036">Установка</String>
<String Name="1037">Программа установки инициализирует компоненты...</String>
<String Name="1038">Установка отменена.</String>
<String Name="1039">Загрузка файлов приложения...</String>
<String Name="1041">Перед продолжением установки компонент "%1" требует перезагрузить компьютер.</String>
<String Name="1042">Следующие компоненты были успешно установлены:</String>
<String Name="1043">Следующие компоненты были успешно установлены, но требуется перезагрузка компьютера:</String>
<String Name="1044">Следующие компоненты не были установлены:</String>
<String Name="1045">Следующие компоненты будут установлены после перезагрузки компьютера:</String>
<String Name="1046">Не удалось установить следующие компоненты:</String>
<String Name="1047"></String>
<String Name="1048">Компоненты</String>
<String Name="1049">Произошла ошибка при попытке установить "%1".</String>
<String Name="1050">url=%1\r\ncomponentsurl=%2\r\nКомпоненты будут загружаться с веб-узлов поставщиков.</String>
<String Name="1051">Пов&amp;торить</String>
<String Name="1052">Техническая поддержка.</String>
<String Name="1053">Дата: %1</String>
<String Name="1054">Не удалось выполнить проверку обязательного системного компонента "%1"; при этом получено следующее сообщение об ошибке:\r\n"%2"</String>
<String Name="1055">Сведения</String>
<String Name="1057">Для установки требуется %1!d! МБ на жестком диске, однако в настоящий момент доступно %2!d! МБ. Нажмите кнопку "ОК", чтобы продолжить установку, или кнопку "Отмена", чтобы остановить установку.</String>
<String Name="1058">%1: Нажмите кнопку "ОК", чтобы повторить загрузку, или кнопку "Отмена", чтобы выйти из программы установки.</String>
<String Name="1200">Для следующих компонентов:</String>
<String Name="1201">Прочитайте, пожалуйста, следующее лицензионное соглашение. Для просмотра всего соглашения используйте клавишу PgDn.</String>
<String Name="1202">Просмотр лицензионного соглашения перед печатью</String>
<String Name="1203">Вы принимаете условия данного лицензионного соглашения?</String>
<String Name="1204">При выборе варианта "Не принимаю" установка будет завершена. Для продолжения установки необходимо принять лицензионное соглашение.</String>
<String Name="1205">&amp;Принимаю</String>
<String Name="1206">&amp;Не принимаю</String>
<String Name="1207">На ваш компьютер будут устанавливаться следующие компоненты:</String>
<String Name="1208">Для этого компонента лицензионное соглашение предоставлено не было.</String>
<String Name="1209">Установить эти компоненты?</String>
<String Name="1210">По нажатию кнопки "Отмена" программа установки завершит работу.</String>
<String Name="1211">&amp;Установить</String>
<String Name="1212">Отм&amp;ена</String>
<String Name="1213">Установка "%1"</String>
<String Name="1400">Произошла ошибка при загрузке обязательного компонента для "%1". Продолжение установки невозможно до тех пор, пока все компоненты не будут успешно установлены.</String>
<String Name="1401">Произошла ошибка при попытке загрузить "%1".</String>
<String Name="1402">Процедура загрузки вернула значение HRESULT = %1!x!</String>
<String Name="1405">Не удается найти следующий файл пакета: \r\n%1</String>
<String Name="1416">Недостаточно памяти для завершения этой операции.</String>
<String Name="1420">Не удается скопировать файл "%1" в "%2".</String>
<String Name="1423">Не удается скопировать файл "%1" в "%2".</String>
<String Name="1424">Не удается найти файл "%1" для пакета "%2".</String>
<String Name="1425">Программа установки обнаружила, что файл "%1" либо изменился с момента первоначальной публикации, либо, возможно, поврежден.</String>
<String Name="1426">Произошла ошибка при инициализации. \r\n\r\nПрограмма установки завершит работу прямо сейчас.</String>
<String Name="1427">Произошла ошибка при загрузке требуемого файла. Попробуйте повторить загрузку файла или отмените установку.</String>
<String Name="1429">Не удается найти файл "%1", обязательный для установки.</String>
<String Name="1430">Для установки приложения "%1" требуется Internet Explorer 3.0 или более поздней версии.</String>
<String Name="1432">Нельзя продолжить установку, поскольку другой процесс установки требует перезагрузить компьютер. Выполнить перезагрузку сейчас?</String>
<String Name="1433">Нельзя продолжить установку, поскольку другой процесс установки требует перезагрузить компьютер. Обратитесь к своему администратору.</String>
<String Name="1435">Не удается найти файл "%1" приложения.</String>
<String Name="1436">Вы решили не принимать условия лицензионного соглашения. \r\nУстановка будет отменена.</String>
<String Name="1437">Вы решили не выполнять установку. \r\nУстановка будет отменена.</String>
<String Name="1438">Невозможно записать лицензионное соглашение на диск для просмотра.</String>
<String Name="1442">Программа установки обнаружила, что невозможно проверить подлинность издателя файла "%1".</String>
<String Name="1443">Программа установки обнаружила, что файл "%1" изменился с момента первоначальной публикации.</String>
<String Name="1444">Произошла ошибка при загрузке следующего ресурса:</String>
<String Name="1446">Следующая ошибка произошла при попытке установить "%1":\r\n"%2"</String>
<String Name="1447">Не удается установить приложение с "%1", поскольку отсутствует связь по сети. Повторите попытку установки позднее.</String>
<String Name="1448">Не удалось изменить "%1". Возможно, файл доступен только на чтение или заблокирован.</String>
<String Name="1449">Этот продукт, разработанный для %1, устанавливается на %2. Получите правильную программу установки от производителя.</String>
</Strings>
<Fonts>
<Font Name="BaseFont">
      <FontName>MS Shell Dlg</FontName>
      <CharSet>0</CharSet>
      <Height>-11</Height>
      <Weight>0</Weight>
    </Font>
<Font Name="BoldFont">
      <FontName>MS Shell Dlg</FontName>
      <CharSet>0</CharSet>
      <Height>-11</Height>
      <Weight>700</Weight>
    </Font>
</Fonts>
</Resources>
