﻿<?xml version="1.0" encoding="utf-8"?>
<WebPlatform>
  <Links>
    <AddLink InDashboard="True">
      <Title>Start Here</Title>
      <Description>First time here?  Complete the installation of your EonicWeb5 Site.</Description>
      <Uri>/</Uri>
      <ImageUri>http://www.proteancms.com/deploy/eonicweb5logo.png</ImageUri>
    </AddLink>
    <AddLink InDashboard="True" InLearn="True">
      <Title>Getting Started with ProteanCMS</Title>
      <Description>So you've finished installing Umbraco in WebMatrix, what next? Learn how to build and configure your new site!</Description>
      <Uri>http://www.proteancms.net/Support</Uri>
      <ImageUri>http://www.proteancms.com/deploy/proteancmslogo.png</ImageUri>
    </AddLink>
  </Links>

  <Ribbon>
    <AddRibbonButton>
      <Label>Site Admin</Label>
      <Uri>/admin/</Uri>
      <ImageUri>http://www.proteancms.com/deploy/proteancmslogo.png</ImageUri>
    </AddRibbonButton>
    <AddRibbonButton>
      <Label>Community</Label>
      <Uri>https://www.linkedin.com/groups/1840777</Uri>
      <ImageUri>http://www.proteancms.com/deploy/proteancmslogo.png</ImageUri>
    </AddRibbonButton>
  </Ribbon>

  <PathProtection>
    <AllowPath>
      <RelativePath>ewcommon</RelativePath>
    </AllowPath>
    <AllowPath AllowNested="False">
      <RelativePath>web.config</RelativePath>
    </AllowPath>
    <ProtectPath>
      <RelativePath>bin</RelativePath>
    </ProtectPath>
  </PathProtection>

</WebPlatform>
