<?xml version="1.0" encoding="utf-8"?>
<Resources Culture="Culture">
<Strings>
<String Name="Culture">cs</String>
<String Name="1000">&amp;Storno</String>
<String Name="1001">P&amp;okračovat</String>
<String Name="1002">&amp;Zavřít</String>
<String Name="1003">&amp;Podrobnosti &gt;&gt;</String>
<String Name="1004">&amp;Podrobnosti &lt;&lt;</String>
<String Name="1005">Ano</String>
<String Name="1006">Ne</String>
<String Name="1008">Chcete-li počítač restartovat nyní, klikněte na tlačítko Ano, chcete-li jej restartovat později ručně, klikněte na tlačítko Ne.</String>
<String Name="1009">Před dokončením aktualizace systému je třeba restartovat počítač.</String>
<String Name="1010">Kopírování požadovaných souborů...</String>
<String Name="1011">Stahování požadovaných souborů...</String>
<String Name="1012">%1 - instalace</String>
<String Name="1013">Instalace souborů (%1)...</String>
<String Name="1016">Při instalaci součástí systému pro produkt %1 došlo k chybě. Instalace nemůže pokračovat, dokud nebudou všechny součásti systému úspěšně nainstalovány.</String>
<String Name="1017">Při instalaci součástí systému pro produkt %1 došlo k chybě. Instalace nemůže pokračovat, dokud nebudou všechny součásti systému úspěšně nainstalovány. Je třeba restartovat počítač, protože byly aktualizovány některé součásti systému.</String>
<String Name="1018">Použití:\r\n   -? nebo -h nebo -help :  Zobrazí toto dialogové okno.\r\n   -url nebo -componentsurl :  Zobrazí uloženou adresu URL nebo adresu URL komponent (componentsurl) pro tuto instalaci.\r\n   -url=&lt;umístění&gt; : Nastaví zdroj adresy URL na zadané umístění.\r\n   -componentsurl=&lt;umístění&gt; : Nastaví adresu URL komponent (componentsurl) na zadané umístění.\r\n   -homesite=&lt;true nebo false&gt; : Je-li tento parametr nastaven na hodnotu TRUE, budou se komponenty stahovat z webu dodavatele a bude přepsán parametr componentsurl.\r\n\r\n   Všechny ostatní argumenty příkazového řádku se předají instalaci aplikace.</String>
<String Name="1019">url=%1\r\ncomponentsurl=%2</String>
<String Name="1020">(žádné)</String>
<String Name="1021">Tato operace vyžaduje operační systém Windows 2000 nebo novější.</String>
<String Name="1023">\r\n</String>
<String Name="1025">Instalace komponenty %1 se nezdařila.</String>
<String Name="1026">Instalace komponenty %1 se nezdařila a chybová zpráva je:\r\n„%2“</String>
<String Name="1028">Další informace najdete v protokolu instalace, který se nachází v umístění %1.</String>
<String Name="1029">Tímto dojde k zastavení instalace. Opravdu chcete akci zrušit?</String>
<String Name="1030">Instalace se zastaví po dokončení instalace aktuální komponenty. Veškeré komponenty nainstalované před zrušením instalace nebudou odinstalovány. Opravdu chcete akci zrušit?</String>
<String Name="1031">Stahování souboru %1!d! z %2!d!...</String>
<String Name="1032">Uživatel zrušil instalaci. Je třeba restartovat počítač, protože byly aktualizovány některé součásti systému.</String>
<String Name="1033">Před pokračováním instalace je třeba restartovat počítač.</String>
<String Name="1034">Kontrola předpokladů součásti systému %1 se nezdařila.</String>
<String Name="1035">Všechny předpoklady pro %1 nelze splnit. Instalace nemůže pokračovat, dokud nebudou všechny součásti systému úspěšně nainstalovány.</String>
<String Name="1036">Instalace</String>
<String Name="1037">Instalace inicializuje komponenty...</String>
<String Name="1038">Instalace byla zrušena.</String>
<String Name="1039">Stahování souborů aplikace...</String>
<String Name="1041">Komponenta %1 vyžaduje restartování počítače, bez něj nemůže instalace pokračovat.</String>
<String Name="1042">Následující komponenty byly úspěšně nainstalovány:</String>
<String Name="1043">Následující komponenty byly úspěšně nainstalovány, ale je vyžadováno restartování počítače:</String>
<String Name="1044">Následující komponenty nebyly nainstalovány:</String>
<String Name="1045">Následující komponenty budou nainstalovány po restartování počítače:</String>
<String Name="1046">Instalace následujících komponent se nezdařila:</String>
<String Name="1047"></String>
<String Name="1048">Komponenty</String>
<String Name="1049">Při instalaci komponenty %1 došlo k chybě.</String>
<String Name="1050">url=%1\r\ncomponentsurl=%2\r\nKomponenty budou staženy z webu dodavatele.</String>
<String Name="1051">&amp;Opakovat</String>
<String Name="1052">Kliknutím sem získáte podporu.</String>
<String Name="1053">Datum: %1</String>
<String Name="1054">Kontrola předpokladů součásti systému %1 se nezdařila a chybová zpráva je:\r\n„%2“</String>
<String Name="1055">Podrobnosti</String>
<String Name="1057">Instalace vyžaduje na pevném disku %1!d! MB volného místa, ale v současnosti je na něm k dispozici pouze %2!d! MB. Chcete-li pokračovat v instalaci, klikněte na tlačítko OK, chcete-li ji zastavit, klikněte na tlačítko Storno.</String>
<String Name="1058">%1 Chcete-li opakovat stahování, klikněte na tlačítko OK, chcete-li ukončit instalaci, klikněte na tlačítko Storno.</String>
<String Name="1200">Pro následující komponenty:</String>
<String Name="1201">Přečtěte si následující licenční smlouvu. Stisknutím klávesy Page Down zobrazíte zbytek smlouvy.</String>
<String Name="1202">Zobrazit smlouvu EULA v zobrazení pro tisk</String>
<String Name="1203">Přijímáte podmínky licenční smlouvy?</String>
<String Name="1204">Zvolíte-li možnost Nepřijímám, instalace bude ukončena. Chcete-li instalaci dokončit, je nutné smlouvu přijmout.</String>
<String Name="1205">&amp;Přijímám</String>
<String Name="1206">&amp;Nepřijímám</String>
<String Name="1207">Následující komponenty budou nainstalovány do počítače:</String>
<String Name="1208">Pro tuto komponentu nebyla poskytnuta žádná licenční smlouva.</String>
<String Name="1209">Chcete tyto komponenty nainstalovat?</String>
<String Name="1210">Kliknete-li na tlačítko Storno, instalace bude ukončena.</String>
<String Name="1211">&amp;Instalovat</String>
<String Name="1212">&amp;Storno</String>
<String Name="1213">%1 - instalace</String>
<String Name="1400">Při stahování požadované komponenty pro produkt %1 došlo k chybě. Instalace nemůže pokračovat, dokud nebudou všechny komponenty staženy a úspěšně nainstalovány.</String>
<String Name="1401">Při pokusu o stažení komponenty %1 došlo k chybě.</String>
<String Name="1402">Stahování vrátilo výsledek HRESULT = %1!x!</String>
<String Name="1405">Nelze najít následující soubory balíčku:\r\n%1</String>
<String Name="1416">K dokončení této operace není k dispozici dostatek paměti.</String>
<String Name="1420">Soubor %1 nelze zkopírovat do umístění %2.</String>
<String Name="1423">Soubor %1 nelze zkopírovat do umístění %2.</String>
<String Name="1424">Soubor %1 pro balíček %2 nelze najít.</String>
<String Name="1425">Instalační program zjistil, že soubor %1 se buď od prvního publikování změnil, nebo je poškozený.</String>
<String Name="1426">Při inicializaci došlo k chybě.\r\n\r\nInstalace nyní bude ukončena.</String>
<String Name="1427">Při stahování požadovaného souboru došlo k chybě. Můžete opakovat stahování souboru nebo zrušit instalaci.</String>
<String Name="1429">Soubor %1 požadovaný pro instalaci nelze najít.</String>
<String Name="1430">Instalace aplikace %1 vyžaduje aplikaci Internet Explorer 3.0 nebo novější.</String>
<String Name="1432">Instalace nemůže pokračovat, protože jiná instalace vyžaduje restartování počítače. Chcete nyní restartovat počítač?</String>
<String Name="1433">Instalace nemůže pokračovat, protože jiná instalace vyžaduje restartování počítače. Obraťte se na svého správce.</String>
<String Name="1435">Soubor aplikace %1 nelze najít.</String>
<String Name="1436">Vybrali jste možnost nepřijmout smlouvu EULA.\r\nInstalace nyní bude ukončena.</String>
<String Name="1437">Vybrali jste možnost neprovést instalaci.\r\nInstalace nyní bude ukončena.</String>
<String Name="1438">Smlouvu EULA nelze zapsat na disk a zobrazit.</String>
<String Name="1442">Instalační program zjistil, že nelze ověřit vydavatele souboru %1.</String>
<String Name="1443">Instalační program zjistil, že soubor %1 se od prvního publikování změnil.</String>
<String Name="1444">Při stahování následujícího prostředku došlo k chybě:</String>
<String Name="1446">Při pokusu o instalaci komponenty %1 došlo k této chybě:\r\n„%2“</String>
<String Name="1447">Aplikaci nelze nainstalovat z umístění %1, protože není k dispozici žádné připojení k síti. Opakujte instalaci později.</String>
<String Name="1448">Soubor %1 nelze změnit. Soubor je pravděpodobně jen pro čtení nebo je uzamčený.</String>
<String Name="1449">Tento produkt je navržený pro platformu %1, ale je instalován na platformě %2. Získejte od výrobce správnou instalaci.</String>
</Strings>
<Fonts>
<Font Name="BaseFont">
      <FontName>MS Shell Dlg</FontName>
      <CharSet>0</CharSet>
      <Height>-11</Height>
      <Weight>0</Weight>
    </Font>
<Font Name="BoldFont">
      <FontName>MS Shell Dlg</FontName>
      <CharSet>0</CharSet>
      <Height>-11</Height>
      <Weight>700</Weight>
    </Font>
</Fonts>
</Resources>
